Position,Company,Location,URL
2023 Student Training in Engineering Program (STEP)  People with Disabilities (장애인 채용)의 전체 세부 정보,Google,서울,https://kr.indeed.com/rc/clk?jk=5d24a062cabc9f0d&fccid=a5b4499d9e91a5c6&vjs=3
2023 Software Engineering Intern  People with Disabilities (장애인 채용)의 전체 세부 정보,Google,서울,https://kr.indeed.com/rc/clk?jk=ed7b7e6eb72ffab8&fccid=a5b4499d9e91a5c6&vjs=3
Software Engineer  Applied Machine Learning  Edge TPU의 전체 세부 정보,Google,서울,https://kr.indeed.com/rc/clk?jk=32c7dc89fa6d4ca8&fccid=a5b4499d9e91a5c6&vjs=3
백엔드 엔지니어 (Python) 정규직의 전체 세부 정보,데이터비,서울 마포구,https://kr.indeed.com/rc/clk?jk=79d696388d32d3ff&fccid=dd6f5fd8e8c02e7e&vjs=3
Financial  Regulatory and Risk Reporting Speciallist의 전체 세부 정보,Deutsche Bank,서울,https://kr.indeed.com/rc/clk?jk=4e842304541b3a53&fccid=f1d8e147024abb3f&vjs=3
딥러닝 AI 개발 연구원의 전체 세부 정보,베이리스,성남 수정구,https://kr.indeed.com/rc/clk?jk=87309d3ff40ead61&fccid=ce871e9e4a9f430a&vjs=3
2023 Summer Student Associate  Data Analytics  Google Cloud  gReach Program for People with Disabilities (장애인 채용)의 전체 세부 정보,Google,서울,https://kr.indeed.com/rc/clk?jk=e0cadcffe30ce98a&fccid=a5b4499d9e91a5c6&vjs=3
빅데이터플랫폼 / Python 개발자의 전체 세부 정보,핸디소프트,안양 동안구,https://kr.indeed.com/rc/clk?jk=3af3cac46966cc13&fccid=d22d7c6a99de76b6&vjs=3
Python 분석 인원 정규직 채용의 전체 세부 정보,(주)스마트모빌러티 관심기업,서울 휘경동,https://kr.indeed.com/rc/clk?jk=5e761f105a377ae8&fccid=307824036b9dcb17&vjs=3
[송파구] 데이터분석(Python R 모델 ML)의 전체 세부 정보,시니어앤파트너즈,서울 송파구,https://kr.indeed.com/rc/clk?jk=a0f0a1cb28e20f8c&fccid=59060ddcdf96b101&vjs=3
2023년 DIgital Lab 전문계약직 상시의 전체 세부 정보,GS칼텍스,서울 강남구,https://kr.indeed.com/rc/clk?jk=2e45e43017a6ea1f&fccid=f152288f3dcf6e51&vjs=3
기술 인턴 인공지능 응용 연구/개발 인턴의 전체 세부 정보,써로마인드로보틱스,서울 관악구,https://kr.indeed.com/rc/clk?jk=71c47ac87bb4087e&fccid=230e414668234579&vjs=3
Associate Customer Engineer  Data Analytics  Google Cloud  gReach Program for People with Disabilities (장애인 채용)의 전체 세부 정보,Google,서울,https://kr.indeed.com/rc/clk?jk=1c352a43e087ad61&fccid=a5b4499d9e91a5c6&vjs=3
TPU Silicon Architect  Machine Learning Accelerator의 전체 세부 정보,Google,서울,https://kr.indeed.com/rc/clk?jk=6f82e6c5364e337b&fccid=a5b4499d9e91a5c6&vjs=3
[데브시스터즈] DevOps Engineer (신입)의 전체 세부 정보,데브시스터즈,서울 강남구,https://kr.indeed.com/rc/clk?jk=3058f7280a2e6644&fccid=58a9a803698a0afd&vjs=3
[2023 Summer Internship] MedTech – Business Excellence의 전체 세부 정보,Johnson & Johnson,서울,https://kr.indeed.com/rc/clk?jk=e8f858ada4b36c5c&fccid=0bed8e17bc113980&vjs=3
`23년 상반기 아비커스 공개의 전체 세부 정보,HD현대그룹,서울,https://kr.indeed.com/rc/clk?jk=bb17e4528555174f&fccid=ee13651dcbd31376&vjs=3
Tech Sales Engineer for CFD applications in the field of Aerodynamics  Aero-thermal  and Aero-acoustic의 전체 세부 정보,Dassault Systèmes,서울,https://kr.indeed.com/rc/clk?jk=6bb0a2fb0734c5f8&fccid=29d37d43c382c8fe&vjs=3
[비에이코리아 주식회사] 데이터분석가(Business Data Analyst) 신입/경력의 전체 세부 정보,비에이코리아,서울,https://kr.indeed.com/rc/clk?jk=1dc91764525277cc&fccid=4c13ec332a36c73a&vjs=3
Data Scientist의 전체 세부 정보,Toss,서울,https://kr.indeed.com/rc/clk?jk=9cb8324539546a71&fccid=18c4935c8ec646d5&vjs=3
[2023 Summer Internship] MedTech - Business Excellence의 전체 세부 정보,한국존슨앤드존슨메디칼,서울 용산구,https://kr.indeed.com/rc/clk?jk=fedd89e18af95c50&fccid=dd564dec75d08f91&vjs=3
[인텔리전스랩스] 리서치 사이언티스트 (생성 AI)의 전체 세부 정보,Nexon,경기도 성남,https://kr.indeed.com/rc/clk?jk=bc65f8eecb6eaee9&fccid=aba87288e4cc3687&vjs=3
그룹공동 마이데이터 분석 플랫폼(데이터분석가)의 전체 세부 정보,KB데이타시스템,서울 마포구,https://kr.indeed.com/rc/clk?jk=25b3c3e6a66bd77c&fccid=fe227fbd2afb9580&vjs=3
2022년 상반기 주식회사 쏘마 전 개발 직군 (백엔드  프론트엔드 외 신입/경력 정규직)의 전체 세부 정보,쏘마,성남 분당구,https://kr.indeed.com/rc/clk?jk=13ef6f86810c0843&fccid=a3463f311ce6421e&vjs=3
[에코마케팅] Data Integration Engineer 연계형인턴/사원의 전체 세부 정보,에코마케팅,서울,https://kr.indeed.com/rc/clk?jk=db40aa474036f12f&fccid=5d3316a6c97b8577&vjs=3
TPU Architect  Machine Learning Accelerator의 전체 세부 정보,Google,서울,https://kr.indeed.com/rc/clk?jk=a3f380d8b3a2788d&fccid=a5b4499d9e91a5c6&vjs=3
[데브시스터즈] Data Analyst의 전체 세부 정보,데브시스터즈,서울 강남구,https://kr.indeed.com/rc/clk?jk=6b53335986238646&fccid=58a9a803698a0afd&vjs=3
[인텔리전스랩스] 리서치 사이언티스트 (Computer Vision)의 전체 세부 정보,Nexon,경기도 성남,https://kr.indeed.com/rc/clk?jk=cda9c905ba28c85b&fccid=aba87288e4cc3687&vjs=3
Customer Engineer  Data Analytics  Google Cloud의 전체 세부 정보,Google,서울,https://kr.indeed.com/rc/clk?jk=6a6226526d9482cc&fccid=a5b4499d9e91a5c6&vjs=3
Engineering internship in Sweden!의 전체 세부 정보,Iknal Semikan,서울,https://kr.indeed.com/rc/clk?jk=73f84a6025e969d5&fccid=1c1f99bc5683e9f2&vjs=3
Data Scientist의 전체 세부 정보,Logistics Management Institute,서울,https://kr.indeed.com/rc/clk?jk=ffcab40699b79c6b&fccid=12626f295bf6a003&vjs=3
IT Manager - Data Scientist의 전체 세부 정보,Procter & Gamble,서울,https://kr.indeed.com/rc/clk?jk=d646b6fdb341deec&fccid=2da0dedf6df97194&vjs=3
퍼블리싱 플랫폼 BI 개발자 모집의 전체 세부 정보,엔씨소프트,성남 판교역,https://kr.indeed.com/rc/clk?jk=103f55ae4ba29c6d&fccid=a1e4e21b1f33cf40&vjs=3
클라우드 플랫폼 운영 엔지니어의 전체 세부 정보,NHN Enterprise,성남 판교역,https://kr.indeed.com/rc/clk?jk=40e20a58af1e44ee&fccid=cc378bd7bc831eca&vjs=3
[선행기술원] Quantum Computing/Information[책임연구원]의 전체 세부 정보,현대자동차그룹,성남 판교역,https://kr.indeed.com/rc/clk?jk=e424415872777a5f&fccid=980d6ecc399a3373&vjs=3
개발자 - Python 서버 프로그램 개발의 전체 세부 정보,바인테크,서울 송파구,https://kr.indeed.com/rc/clk?jk=4cc15c26097421c5&fccid=aef44811e748bebe&vjs=3
[올라핀테크] 핀테크 플랫폼 Python(파이썬) 개발자의 전체 세부 정보,주식회사 올라핀테크 관심기업,서울 논현동,https://kr.indeed.com/rc/clk?jk=83afc0063130f3f2&fccid=ee9199e84b45d22f&vjs=3
Tech/IT 5월의 전체 세부 정보,교원그룹,서울특별시,https://kr.indeed.com/rc/clk?jk=107aa9fdd3f60159&fccid=dd616958bd9ddc12&vjs=3
[KITRI] IT 정보 보안/개발 교육생의 전체 세부 정보,한국정보기술연구원,서울,https://kr.indeed.com/rc/clk?jk=8274c2d094ef24ac&fccid=f065bd051552743e&vjs=3
Java  Python 영상툴 개발자의 전체 세부 정보,에이아이메이커,서울 금천구,https://kr.indeed.com/rc/clk?jk=cae2de07045cfb2b&fccid=5347ade40d1c0654&vjs=3
백엔드 개발자(인턴십)의 전체 세부 정보,액스,서울 서초구,https://kr.indeed.com/rc/clk?jk=b7223c792bfcbcd4&fccid=5013eca338141e7d&vjs=3
[2023 Summer Internship] MedTech – Strategic Commercial Excellence의 전체 세부 정보,Johnson & Johnson,서울,https://kr.indeed.com/rc/clk?jk=2926e817928cf0c5&fccid=0bed8e17bc113980&vjs=3
[2023 Internship] MedTech - Strategic Commercial Excellence의 전체 세부 정보,한국존슨앤드존슨메디칼,서울 용산구,https://kr.indeed.com/rc/clk?jk=cf2c844e6ea584f1&fccid=dd564dec75d08f91&vjs=3
인공지능(AI)  인공지능(AI) 외 신입의 전체 세부 정보,사단법인 한국서비스산업진흥원,서울 종로구,https://kr.indeed.com/rc/clk?jk=c5112e132f7f1e05&fccid=03ad1f6903097dae&vjs=3
Data/Machine Learning Engineer (신입)의 전체 세부 정보,플리토,서울 강남구,https://kr.indeed.com/rc/clk?jk=5ab0b45dfa93411b&fccid=01aed038bcce2a5f&vjs=3
인공지능(AI)  인공지능(AI) 외 신입의 전체 세부 정보,사단법인 한국서비스산업진흥원,서울 종로구,https://kr.indeed.com/rc/clk?jk=c5112e132f7f1e05&fccid=03ad1f6903097dae&vjs=3
[병역특례 전문연구요원] (주)인이지 AI연구소의 전체 세부 정보,인이지,성남 분당구,https://kr.indeed.com/rc/clk?jk=b42ac293f7508802&fccid=8a0714879bbe4b76&vjs=3
Cloud Solutions Architect의 전체 세부 정보,INTEL,서울,https://kr.indeed.com/rc/clk?jk=82f330f31c65959e&fccid=936367796261bd6e&vjs=3
셀프 인테리어 위한 AI 플랫폼 서비스 개발자의 전체 세부 정보,서르,성남 분당구,https://kr.indeed.com/rc/clk?jk=0a57a69a13126ff5&fccid=07eadb4558c294cb&vjs=3
IT분야 직업훈련교사의 전체 세부 정보,재단법인 한국아이티교육재단,서울 서초구,https://kr.indeed.com/rc/clk?jk=5594832db046013e&fccid=af1182589e05cf0b&vjs=3
[TaaS] Data Scientist[연구원  책임연구원]의 전체 세부 정보,현대자동차그룹,서울 강남구,https://kr.indeed.com/rc/clk?jk=67b03ffab1c536ba&fccid=980d6ecc399a3373&vjs=3
㈜쓰리케이비카스 java  python개발자의 전체 세부 정보,쓰리케이비카스,서울 강동구,https://kr.indeed.com/rc/clk?jk=f3a9254e8166a1ad&fccid=4ad5c4a25536f2d0&vjs=3
[ICT] Data Engineering[책임매니저(G3)]의 전체 세부 정보,현대자동차그룹,서울 양재역,https://kr.indeed.com/rc/clk?jk=2227849edfa12196&fccid=980d6ecc399a3373&vjs=3
[2023 전문연구요원] AI R&D-Language AI의 전체 세부 정보,엔씨소프트,성남 판교역,https://kr.indeed.com/rc/clk?jk=7da87f6985949b06&fccid=a1e4e21b1f33cf40&vjs=3
이공지능(AI) / 딥러닝 / Computer Vision 경력자 정규직의 전체 세부 정보,더블미,서울 서초구,https://kr.indeed.com/rc/clk?jk=bc5131eb1f2981cb&fccid=d7e01b6267e5ba2d&vjs=3
2023년 (주)하람아이 AI팀의 전체 세부 정보,하람아이,성남 수정구,https://kr.indeed.com/rc/clk?jk=f1a40936df480707&fccid=5d0ea4093a1ed598&vjs=3
SQL  Python 기반 Data Engineer(경력직) 채용의 전체 세부 정보,파인트리파트너스 주식회사 관심기업,서울 도화동,https://kr.indeed.com/rc/clk?jk=1720b452301b54aa&fccid=4c458be029af0a85&vjs=3
데이터 분석 및 기획의 전체 세부 정보,해커스,서울 강남구,https://kr.indeed.com/rc/clk?jk=94cd49149171fd46&fccid=9fcc8dc27a170fd3&vjs=3
(AI개발자) python활용의 전체 세부 정보,비지언스,서울 금천구,https://kr.indeed.com/rc/clk?jk=4c8e7cc0d6848534&fccid=27b797a8598f2610&vjs=3
Software Engineer - Algorithm의 전체 세부 정보,Seoul Robotics,서울,https://kr.indeed.com/rc/clk?jk=2fc8799cf180cef1&fccid=622cfccd9f04f738&vjs=3
Data Scientist in Financial의 전체 세부 정보,페니로이스,서울 종로구,https://kr.indeed.com/rc/clk?jk=8384fbc0b8152ec6&fccid=071ef5e261747b4b&vjs=3
[양재역] AI Data Scientist(석박사급)의 전체 세부 정보,시니어앤파트너즈,서울 서초구,https://kr.indeed.com/rc/clk?jk=acb4e194afcd46b3&fccid=59060ddcdf96b101&vjs=3
Machine Learning R&D 연구원의 전체 세부 정보,카이어,서울 서초구,https://kr.indeed.com/rc/clk?jk=19da3484bd7a72f1&fccid=908ef26c4dd7595f&vjs=3
Data & Reporting Analyst의 전체 세부 정보,AIA,서울,https://kr.indeed.com/rc/clk?jk=f15d2672714490bf&fccid=004041685e219574&vjs=3
파이썬(python) 백엔드 개발자 (전문연구요원 가능)의 전체 세부 정보,아토머스,서울 강남구,https://kr.indeed.com/rc/clk?jk=240326a26bd13bf2&fccid=660bbb21789ab63d&vjs=3
Quantitative Researcher의 전체 세부 정보,WorldQuant,서울,https://kr.indeed.com/rc/clk?jk=348a65ecf46497d8&fccid=08487f979320ebae&vjs=3
Boeing Korea Summer Intern_Software Engineer의 전체 세부 정보,BOEING,서울,https://kr.indeed.com/rc/clk?jk=9261f808b885e89a&fccid=edae4285faf6c2f0&vjs=3
[메가존클라우드] AWS Managed Service (Japan)의 전체 세부 정보,메가존,서울 강남구,https://kr.indeed.com/rc/clk?jk=506a344da9e98d39&fccid=2dc90700b4a1d18d&vjs=3
Tensor Processing Unit Architect  Silicon의 전체 세부 정보,Google,서울,https://kr.indeed.com/rc/clk?jk=39d5b62f514313d4&fccid=a5b4499d9e91a5c6&vjs=3
Data Scientist  Growth Analytics Intern - Korea의 전체 세부 정보,MOLOCO,서울,https://kr.indeed.com/rc/clk?jk=3d0e22b9756facb8&fccid=05089dbaca95e549&vjs=3
[경력직 ] 운용사업부 전략운용본부 MS부의 전체 세부 정보,NH투자증권,서울 영등포구,https://kr.indeed.com/rc/clk?jk=bcafdeb10766afa1&fccid=b449d5d42bf7e581&vjs=3
C# 응용프로그램 개발자의 전체 세부 정보,벡터시스,용인 수지구,https://kr.indeed.com/rc/clk?jk=9a9f684dad6eec6b&fccid=53cbebce99ba2c6d&vjs=3
[글로벌보안본부] PC 게임핵 분석 대응 담당자의 전체 세부 정보,Nexon,경기도 성남,https://kr.indeed.com/rc/clk?jk=a352bf8497404382&fccid=aba87288e4cc3687&vjs=3
[AI/Lab] 머신러닝 리서치 엔지니어 (전문연구요원 가능)의 전체 세부 정보,버즈니,서울,https://kr.indeed.com/rc/clk?jk=0a95c840f82cb01e&fccid=d18b6eed9577092f&vjs=3
데이터분석 신입/경력 정규직의 전체 세부 정보,블록스퀘어서울,서울 서초구,https://kr.indeed.com/rc/clk?jk=88960e11c2cdd682&fccid=72348558bd9456ba&vjs=3
Senior Open Source Developer & DevOps (Python  Django  React  AWS/OpenStack),OpenCraft,Anywhere in the World,https://weworkremotely.com/remote-jobs/opencraft-senior-open-source-developer-devops-python-django-react-aws-openstack
Senior/Staff Software Engineer - Backend/Python - USA (100% Remote),Close,USA Only,https://weworkremotely.com/remote-jobs/close-senior-staff-software-engineer-backend-python-usa-100-remote
Senior Backend Python Engineer: Long-term job - 100% remote,Proxify AB,Latin America Only/Europe Only/EMEA Only,https://weworkremotely.com/remote-jobs/proxify-ab-senior-backend-python-engineer-long-term-job-100-remote
